id,climate,energy,environment,durability,total
SC_52915412,0,0,0,0,0
SC_54844348,0,0,0,0,0
SC_50531920,0,0,0,0,0
SC_50459919,0,0,0,0,0
SC_51016780,0,0,0,0,0
SC_54230072,2,0,0,1,2
SC_54230064,0,0,0,0,0
SC_51282528,0,0,0,0,0
SC_55561731,0,0,0,0,0
SC_55566921,0,0,0,0,0
SC_55562675,0,0,0,0,0
SC_51016744,0,0,0,0,0
SC_51016745,0,0,0,0,0
SC_53602854,0,0,0,0,0
SC_55580283,0,0,0,0,0
SC_51267420,0,0,0,0,0
SC_51017082,0,0,0,0,0
SC_50046563,0,0,0,0,0
SC_50046535,0,0,0,0,0
SC_50996335,0,0,0,0,0
SC_54952950,0,0,0,0,0
SC_54958846,0,0,0,0,0
SC_54952658,0,0,0,0,0
SC_54953056,0,0,0,0,0
SC_54952583,0,0,0,0,0
SC_54952972,0,0,0,0,0
SC_54958835,0,0,0,0,0
SC_54952717,0,0,0,0,0
SC_53317225,0,0,0,0,0
SC_53644021,0,1,1,2,3
SC_51017035,0,1,2,2,4
SC_52391973,0,0,2,3,4
SC_51017072,0,0,0,0,0
SC_54747409,0,0,2,2,3
SC_54743950,0,0,0,0,0
SC_54743820,0,0,0,0,0
SC_51017071,0,0,0,0,0
SC_53637046,0,0,0,0,0
SC_51275019,0,0,0,0,0
SC_55234264,0,0,2,0,2
SC_54844229,0,0,0,0,0
SC_53245865,0,0,0,0,0
SC_53246134,0,0,0,0,0
SC_51017006,0,0,0,0,0
SC_53243842,0,1,0,0,1
SC_51016952,0,1,0,0,1
SC_53245299,0,0,0,0,0
SC_52880767,0,0,0,0,0
SC_51017040,0,0,0,0,0
SC_50046465,0,0,0,0,0
SC_51899043,0,1,0,0,1
SC_50996297,0,0,0,0,0
SC_51226170,0,0,0,0,0
SC_53584368,0,0,0,0,0
SC_54087366,0,1,2,2,4
SC_54538861,0,0,0,0,0
SC_51016977,0,1,1,0,2
SC_54210330,0,0,0,0,0
SC_51929077,0,0,0,0,0
SC_54059820,0,1,2,2,4
SC_51227947,0,0,0,0,0
SC_51593329,0,0,0,0,0
SC_52905993,0,0,0,0,0
SC_51017081,0,0,0,0,0
SC_50871043,0,0,0,0,0
SC_50871046,0,0,0,0,0
SC_50871045,0,0,0,0,0
SC_50871044,0,0,0,0,0
SC_50871042,0,0,0,0,0
SC_50871040,0,0,0,0,0
SC_51017037,0,0,0,0,0
SC_51016942,0,0,0,0,0
SC_51017061,0,0,0,0,0
SC_54577235,0,0,0,0,0
SC_50046420,0,0,0,0,0
SC_53607357,0,0,0,0,0
SC_51016930,0,0,0,0,0
SC_53209644,0,0,0,0,0
SC_51016929,0,0,0,0,0
SC_53597631,0,0,0,0,0
SC_51016851,0,0,0,0,0
SC_51016853,0,0,0,0,0
SC_51796935,0,0,0,0,0
SC_50812437,0,0,0,0,0
SC_54472276,0,0,0,0,0
SC_51017010,0,0,0,0,0
SC_51016848,0,0,0,0,0
SC_54522511,0,0,0,0,0
SC_55540928,0,0,0,0,0
SC_54951829,0,0,0,0,0
SC_54959351,0,0,0,0,0
SC_54951742,0,0,0,0,0
SC_54951987,0,0,0,0,0
SC_54951598,1,0,0,1,1
SC_51017075,0,0,0,0,0
SC_54959315,0,0,0,0,0
SC_54951844,0,0,0,0,0
SC_54951789,0,0,0,0,0
SC_54743921,0,0,0,1,1
SC_54743532,0,1,2,1,4
SC_53660126,0,0,0,0,0
SC_51016842,0,0,0,0,0
SC_51016988,0,0,1,0,1
SC_52719708,0,0,0,0,0
SC_55314583,0,0,0,0,0
SC_55556977,0,0,1,2,2
SC_53232710,0,0,0,0,0
SC_51388604,0,0,0,0,0
SC_52773404,0,0,0,0,0
SC_51016923,0,0,0,0,0
SC_51016976,0,0,0,0,0
SC_54575432,0,0,0,0,0
SC_52903928,0,0,0,0,0
SC_51016966,0,0,0,0,0
SC_55526368,0,0,2,1,2
SC_54327960,0,0,1,2,2
SC_51197033,0,0,0,0,0
SC_51016985,0,0,0,0,0
SC_51016965,0,0,0,0,0
SC_51016761,0,0,1,0,1
SC_54073028,0,0,0,0,0
SC_51974240,1,0,0,1,1
SC_51974242,0,0,0,0,0
SC_51671705,0,0,0,1,1
SC_51016759,0,0,0,0,0
SC_54895439,0,1,4,2,6
SC_55030342,1,1,1,2,4
SC_51016978,0,0,0,0,0
SC_53135594,0,0,0,0,0
SC_53135595,0,0,0,0,0
SC_54743954,0,0,0,3,3
SC_54953797,0,0,0,0,0
SC_54953408,0,0,0,0,0
SC_54954749,0,0,0,0,0
SC_54953925,0,0,0,0,0
SC_54958779,0,0,0,0,0
SC_54953593,0,0,0,0,0
SC_54958791,0,0,0,0,0
SC_54743905,0,0,0,0,0
SC_54953169,1,0,0,1,1
SC_55133770,1,0,0,1,1
SC_52874659,1,0,0,2,3
SC_51523049,0,0,0,1,1
SC_51523038,0,0,0,1,1
SC_51523051,2,2,0,1,4
SC_51523048,0,0,0,1,1
SC_51523040,1,1,0,1,3
SC_51523037,0,0,0,1,1
SC_53007488,0,0,0,0,0
SC_53007514,0,0,0,0,0
SC_53007406,0,0,0,0,0
SC_53007448,0,0,0,0,0
SC_53007420,0,0,0,0,0
SC_53007418,0,0,0,0,0
SC_53007405,0,0,0,0,0
SC_53007402,0,0,0,0,0
SC_53007355,0,0,0,0,0
SC_53007391,0,0,0,0,0
SC_54935539,0,0,0,0,0
SC_53006927,0,0,0,0,0
SC_53006905,0,0,0,0,0
SC_53006851,0,0,0,0,0
SC_53007067,0,0,0,0,0
SC_53006795,0,0,0,0,0
SC_53006957,0,0,0,0,0
SC_53006950,0,0,0,0,0
SC_53006946,0,0,0,0,0
SC_53006722,0,0,0,0,0
SC_53006649,0,0,0,0,0
SC_53007062,0,0,0,0,0
SC_53006809,0,0,0,0,0
SC_53007388,0,0,0,0,0
SC_53007384,0,0,0,0,0
SC_53007354,0,0,0,0,0
SC_53007353,0,0,0,0,0
SC_51523047,0,0,0,0,0
SC_51523046,0,0,0,0,0
SC_51523035,0,0,0,0,0
SC_55172118,0,0,0,0,0
SC_55180032,0,0,0,0,0
SC_54730491,0,0,0,0,0
SC_51523036,0,0,0,0,0
SC_53709046,0,0,0,0,0
SC_55640413,0,0,0,0,0
SC_55639619,0,0,0,0,0
SC_55640421,0,0,0,0,0
SC_55640405,0,0,0,0,0
SC_55640580,0,0,0,0,0
SC_55603413,1,0,2,1,2
SC_53303708,0,0,0,0,0
SC_53299932,0,0,0,0,0
SC_53302323,0,0,0,0,0
SC_53302929,0,0,0,0,0
SC_53302639,0,0,0,0,0
SC_52609313,0,0,0,0,0
SC_52609310,0,0,0,0,0
SC_52609311,0,0,0,0,0
SC_52609312,0,0,0,0,0
SC_52609314,0,0,0,0,0
SC_52447944,0,0,0,0,0
SC_51844905,0,0,0,0,0
SC_54492887,0,0,0,0,0
SC_55521971,0,0,0,0,0
SC_53749411,0,0,1,0,1
SC_53289526,0,0,0,0,0
SC_51603492,0,2,0,0,2
SC_51551128,0,1,1,0,2
SC_51917144,0,4,0,0,4
SC_51844901,0,0,0,0,0
SC_52922111,0,0,0,0,0
SC_52922031,0,0,0,0,0
SC_51603354,0,1,1,0,2
SC_51531555,0,1,2,0,3
SC_55531476,0,1,1,0,2
SC_55531282,0,1,2,0,3
SC_51531561,0,4,1,0,5
SC_51917146,0,0,0,0,0
SC_51260710,0,0,1,0,1
SC_51917143,0,0,0,0,0
SC_53317904,0,1,0,0,1
SC_52921927,0,0,0,0,0
SC_52920634,0,0,0,0,0
SC_51603466,0,0,0,0,0
SC_51260709,0,0,1,0,1
SC_51531560,0,0,1,0,1
SC_51917142,0,0,0,0,0
SC_51844899,0,3,0,0,3
SC_51234744,0,2,0,0,2
SC_51234740,0,3,0,0,3
SC_51602622,0,0,1,0,1
SC_53281305,0,0,0,0,0
SC_54756928,0,1,0,0,1
SC_51602325,0,1,0,0,1
SC_51531558,0,1,0,0,1
SC_51531559,0,2,1,0,3
SC_51917141,0,1,0,0,1
SC_51234743,0,2,0,1,2
SC_51234739,0,2,0,0,2
SC_51602625,0,0,1,0,1
SC_51260708,0,2,1,1,4
SC_55568740,0,0,3,0,3
SC_55546516,0,0,0,0,0
SC_51531557,0,2,1,0,3
SC_51844920,0,0,0,0,0
SC_51234737,0,0,0,0,0
SC_51602597,0,0,0,0,0
SC_53630614,0,1,0,0,1
SC_51917162,0,0,0,0,0
SC_53625835,0,0,0,0,0
SC_51665016,0,0,0,0,0
SC_51665021,0,0,0,0,0
SC_53625710,0,0,0,0,0
SC_51268972,0,0,0,0,0
SC_51917161,0,0,0,0,0
SC_51917159,0,0,0,0,0
SC_51917158,0,0,0,0,0
SC_51917153,0,0,0,0,0
SC_51917151,0,0,0,0,0
SC_51917150,0,0,0,0,0
SC_51917149,0,0,0,0,0
SC_53630611,0,1,0,0,1
SC_53628801,0,0,0,0,0
SC_53702175,0,0,0,0,0
SC_51268995,0,0,0,0,0
SC_51531568,0,0,0,0,0
SC_51602523,0,1,0,0,1
SC_51531567,0,1,0,0,1
SC_51602580,0,0,0,0,0
SC_51531566,0,0,0,0,0
SC_51602479,0,0,0,0,0
SC_51531565,0,0,0,0,0
SC_51602270,0,1,1,0,2
SC_51531564,0,1,1,1,2
SC_51602489,0,0,0,0,0
SC_51531563,0,0,0,0,0
SC_51234736,0,0,0,0,0
SC_51234735,0,0,0,0,0
SC_51844919,0,1,0,0,1
SC_51844918,0,0,0,0,0
SC_51844917,0,1,0,0,1
SC_51234183,0,1,0,1,1
SC_51234734,0,1,0,1,1
SC_53350271,0,0,0,0,0
SC_51844984,0,3,0,1,4
SC_51601691,0,1,0,1,1
SC_51601261,0,0,0,0,0
SC_51600646,0,2,1,1,3
SC_51260636,0,1,0,0,1
SC_55509358,0,0,0,0,0
SC_55557822,0,1,1,1,2
SC_55503774,0,0,0,0,0
SC_51601483,0,1,0,1,1
SC_55554488,0,0,0,0,0
SC_55509088,0,2,0,0,2
SC_53321687,0,0,0,0,0
SC_53321642,0,0,0,0,0
SC_51917135,0,0,2,0,2
SC_51601467,0,1,0,0,1
SC_51260630,1,0,6,1,7
SC_54273400,0,0,0,0,0
SC_50233380,1,0,1,0,1
SC_51315093,11,2,2,1,13
SC_55500669,0,0,0,0,0
SC_50046720,3,1,3,1,7
SC_55558007,0,0,0,0,0
SC_55557940,0,0,1,0,1
SC_51226649,6,0,1,1,6
SC_54610982,0,0,0,0,0
SC_51016882,0,0,0,0,0
SC_52701664,2,2,3,1,7
SC_51218406,2,3,7,3,13
SC_53247605,0,1,4,2,5
SC_51016887,2,1,5,4,7
SC_52706804,4,1,9,3,14
SC_54541290,1,1,4,3,7
SC_51016885,0,1,3,1,4
SC_54752925,6,2,4,1,11
SC_51016980,6,0,1,1,6
SC_54763403,0,1,3,1,4
SC_51016889,0,1,4,2,5
SC_52839824,0,1,3,1,4
SC_51016779,0,1,5,2,6
SC_55021327,0,0,4,0,4
SC_53658676,0,0,0,0,0
SC_51977178,0,0,0,0,0
SC_51562161,0,0,0,0,0
SC_51671703,0,0,0,0,0
SC_51016771,2,1,10,2,13
SC_51094625,0,0,0,0,0
SC_50046649,0,0,0,0,0
SC_55097620,6,1,0,2,6
SC_51016865,0,0,2,0,2
SC_51016778,1,0,0,1,1
SC_55098656,4,1,0,2,4
SC_52686301,1,1,0,2,3
SC_52357132,0,0,1,0,1
SC_51016867,0,0,2,1,2
SC_52354240,3,2,0,0,3
SC_51017014,0,0,0,0,0
SC_52452190,1,0,0,0,1
SC_52451538,1,0,2,2,3
SC_54132082,0,1,0,1,1
SC_51017013,0,1,0,1,1
SC_52906325,6,7,0,0,11
SC_51384442,5,6,0,0,9
SC_52926320,1,2,2,3,5
SC_52927450,1,2,1,1,3
SC_53840435,1,0,1,1,2
SC_51016928,3,3,2,2,7
SC_51016866,4,8,2,6,15
SC_51520356,1,3,0,0,3
SC_51518550,0,3,2,2,6
SC_52364422,0,0,1,0,1
SC_51230411,0,0,2,1,2
SC_51370066,2,3,1,0,5
SC_51547941,0,1,1,0,2
SC_51017018,0,0,0,0,0
SC_51360430,0,1,1,0,2
SC_51016872,1,4,2,1,6
SC_51547571,2,3,3,1,7
SC_55020635,0,7,2,3,10
SC_55032326,1,6,2,2,9
SC_51016868,0,1,2,1,3
SC_51016873,2,3,3,1,7
SC_50999914,0,0,0,0,0
SC_51016990,0,0,0,0,0
SC_51016991,0,0,0,0,0
SC_54114100,0,0,0,1,1
SC_51014044,0,0,0,0,0
SC_51016993,0,0,0,0,0
SC_51016994,0,0,0,0,0
SC_51016995,0,0,0,1,1
SC_51016996,0,0,0,0,0
SC_50754955,0,0,0,0,0
SC_51016770,0,0,0,0,0
SC_51016934,0,0,0,1,1
SC_54244017,0,0,0,0,0
SC_51801801,7,5,4,4,16
SC_51017080,0,0,0,0,0
SC_55036830,1,0,1,2,3
SC_55036842,0,0,0,0,0
SC_53105694,0,0,0,0,0
SC_54092109,0,0,0,1,1
SC_51016880,0,0,0,0,0
SC_51016777,0,0,0,0,0
SC_54957969,0,0,0,0,0
SC_54958553,0,0,0,0,0
SC_54957909,0,0,0,0,0
SC_54958227,0,0,0,0,0
SC_54957769,1,0,0,1,1
SC_54958065,0,0,0,0,0
SC_54958388,0,0,0,0,0
SC_54957953,0,0,0,0,0
SC_54743952,0,1,0,1,2
SC_54743901,2,4,6,5,14
SC_51016883,0,0,0,0,0
SC_51016933,0,0,0,0,0
SC_54299343,1,4,0,0,4
SC_51926826,1,3,1,2,5
SC_51924142,0,3,0,0,3
SC_53746950,3,2,1,1,5
SC_51958514,0,0,0,0,0
SC_51957503,0,0,0,1,1
SC_52642777,1,0,0,0,1
SC_51016775,0,0,0,0,0
SC_51017025,0,0,0,0,0
SC_51016863,0,0,0,1,1
SC_52470538,2,1,3,1,6
SC_53916751,3,2,1,1,5
SC_53903372,5,2,3,2,8
SC_51923163,0,4,1,2,6
SC_52444871,2,1,3,2,7
SC_50916350,5,2,0,4,8
SC_50914949,2,1,0,4,6
SC_53281871,0,0,0,1,1
SC_53269198,0,0,1,4,5
SC_51186236,0,0,0,0,0
SC_51017022,1,1,0,0,2
SC_51016858,1,1,0,1,3
SC_53589946,2,0,3,0,5
SC_54534452,0,2,1,2,5
SC_54544224,0,2,0,0,2
SC_51016860,2,0,6,2,9
SC_50994750,0,0,0,0,0
SC_51016859,0,0,1,2,3
SC_51016919,0,0,0,0,0
SC_50527959,0,0,0,0,0
SC_51016984,0,0,0,0,0
SC_50996042,0,0,2,0,2
SC_54943797,0,0,0,0,0
SC_51017068,0,0,0,0,0
SC_53588568,0,0,7,2,8
SC_52508967,0,0,0,0,0
SC_51510135,1,0,0,1,1
SC_51514281,1,0,0,1,1
SC_51016765,0,0,0,1,1
SC_51016742,0,0,0,1,1
SC_51016768,1,0,6,4,9
SC_51016769,1,0,6,3,9
SC_51514201,1,0,0,1,1
SC_51016766,0,0,0,1,1
SC_55030795,1,0,0,1,1
SC_55031767,1,0,0,1,1
SC_55032059,1,0,0,1,1
SC_51016911,0,0,0,0,0
SC_55030483,1,3,4,3,7
SC_51016906,0,0,0,3,3
SC_55030465,1,2,5,2,7
SC_51017038,0,0,6,5,10
SC_51016672,0,0,2,2,4
SC_51694515,0,0,0,0,0
SC_51016970,0,0,0,0,0
SC_52895443,0,0,0,0,0
SC_51959271,0,0,0,0,0
SC_51016971,0,0,0,0,0
SC_51016969,0,0,0,0,0
SC_54485333,0,0,0,0,0
SC_54116058,0,0,0,0,0
SC_55663224,0,0,0,0,0
SC_53267075,0,0,0,0,0
SC_50046152,0,0,0,0,0
SC_50046192,0,0,0,0,0
SC_54970443,0,0,0,0,0
SC_54954753,0,0,0,0,0
SC_54958669,0,0,0,0,0
SC_54953904,0,0,0,0,0
SC_54954804,0,0,0,0,0
SC_54953418,1,0,0,1,1
SC_54954769,0,0,0,0,0
SC_54958569,0,0,0,0,0
SC_54954610,0,0,0,0,0
SC_54743919,0,0,0,3,3
SC_54743528,0,0,0,0,0
SC_52844468,1,0,0,0,1
SC_51553551,0,0,0,0,0
SC_51550668,0,0,0,1,1
SC_51928253,0,0,0,1,1
SC_51931744,0,0,0,1,1
SC_55095323,0,0,0,0,0
SC_55616130,0,0,0,0,0
SC_51016951,0,0,0,0,0
SC_51017078,0,0,0,0,0
SC_55609846,0,0,0,0,0
SC_55095110,0,0,0,0,0
SC_54959985,0,0,0,1,1
SC_54962178,0,0,0,1,1
SC_55047844,0,0,1,2,3
SC_55607677,0,0,1,2,3
SC_55607956,0,0,0,0,0
SC_51016814,1,0,0,0,1
SC_55597611,1,0,0,0,1
SC_51231737,0,0,0,0,0
SC_54843922,0,0,0,0,0
SC_54577818,0,0,0,0,0
SC_51017079,0,0,0,0,0
SC_51927223,0,0,0,0,0
SC_51222699,0,0,0,0,0
SC_51687130,0,0,1,0,1
SC_51585890,1,0,0,0,1
SC_53256777,0,0,0,0,0
SC_51016918,0,0,0,0,0
SC_54560021,0,0,0,0,0
SC_54008948,0,0,0,0,0
SC_54072350,0,0,1,0,1
SC_55593935,0,0,1,0,1
SC_51017020,0,0,1,0,1
SC_51016751,0,0,1,0,1
SC_54556012,0,0,0,0,0
SC_55616728,0,0,0,0,0
SC_54551899,0,0,0,0,0
SC_54099672,0,0,0,0,0
SC_54616380,0,0,0,0,0
SC_54100144,0,0,0,0,0
SC_54623518,0,0,0,0,0
SC_54100357,0,0,0,0,0
SC_54616233,0,0,0,0,0
SC_50074694,6,0,0,2,8
SC_52029631,0,0,0,0,0
SC_53543240,0,1,0,0,1
SC_51806157,0,0,0,0,0
SC_54616312,0,0,0,0,0
SC_53777207,0,0,0,0,0
SC_55547230,0,0,0,0,0
SC_51230644,0,0,0,0,0
SC_54166597,0,0,0,0,0
SC_51017077,0,0,0,0,0
SC_52710236,0,0,0,0,0
SC_50892655,0,0,0,0,0
SC_50046385,0,0,0,0,0
SC_50046380,0,0,0,0,0
SC_50046361,0,0,0,0,0
SC_50046346,0,0,0,0,0
SC_50046367,0,0,0,0,0
SC_50046298,0,0,0,0,0
SC_50046396,0,0,0,0,0
SC_50046287,0,0,0,0,0
SC_50594719,0,0,0,0,0
SC_50046305,0,0,0,0,0
SC_50046373,0,0,0,0,0
SC_50046257,0,0,0,0,0
SC_54105375,0,0,0,0,0
SC_50046283,0,0,0,0,0
SC_50046355,0,0,0,0,0
SC_51016831,0,0,0,0,0
SC_51016819,0,0,0,0,0
SC_53844593,0,0,0,0,0
SC_52330593,0,0,0,0,0
SC_51017027,1,0,0,0,1
SC_51016837,1,0,0,0,1
SC_53808323,0,0,0,0,0
SC_51249595,0,0,0,0,0
SC_51858292,1,0,0,1,1
SC_51230641,0,0,0,0,0
SC_51858295,0,0,0,0,0
SC_51230640,0,0,0,0,0
SC_54957980,0,0,0,0,0
SC_54959460,0,0,0,0,0
SC_54957836,0,0,0,0,0
SC_54958248,0,0,0,0,0
SC_54957794,1,0,0,1,1
SC_54958113,0,0,0,0,0
SC_54959486,0,0,0,0,0
SC_54957885,0,0,0,0,0
SC_54743916,0,0,0,3,3
SC_54743347,1,0,0,3,4
SC_51016835,0,0,0,0,0
SC_54060577,0,0,0,0,0
SC_54086540,0,0,0,0,0
SC_54077579,0,0,0,0,0
SC_54088661,0,0,0,0,0
SC_51017026,1,0,0,0,1
SC_53269274,1,0,0,0,1
SC_51016838,1,0,0,0,1
SC_51016825,0,0,0,0,0
SC_53685810,0,0,0,0,0
SC_51249594,0,1,0,0,1
SC_51016824,0,0,0,0,0
SC_51016916,0,0,0,0,0
SC_54301052,1,0,0,0,1
SC_54054038,1,0,0,0,1
SC_54952582,0,0,0,0,0
SC_54959633,0,0,0,0,0
SC_51230639,0,1,0,0,1
SC_51858287,0,0,0,0,0
SC_54950511,0,0,0,0,0
SC_54952872,0,0,0,0,0
SC_54950389,1,0,0,1,1
SC_54952671,0,0,0,0,0
SC_54959196,0,0,0,0,0
SC_54952514,0,0,0,0,0
SC_54743914,0,0,0,1,1
SC_54740905,1,0,0,1,2
SC_51217577,0,0,0,0,0
SC_51016834,0,0,0,1,1
SC_53661298,2,0,0,0,2
SC_51903442,0,0,0,0,0
SC_53288947,0,0,0,0,0
SC_51858314,0,0,0,0,0
SC_53291083,0,0,0,0,0
SC_51903441,0,0,1,2,2
SC_53290087,0,0,0,0,0
SC_50666738,0,0,0,0,0
SC_53290084,0,0,0,0,0
SC_53289886,0,0,0,0,0
SC_51858311,0,0,0,0,0
SC_53291045,0,0,0,0,0
SC_53288493,0,0,0,0,0
SC_51858316,0,0,0,0,0
SC_54052262,0,0,0,0,0
SC_51858333,0,0,0,0,0
SC_54001599,0,0,0,0,0
SC_51858330,0,0,0,0,0
SC_53997307,0,0,0,0,0
SC_54052774,0,0,0,0,0
SC_50670442,0,0,0,0,0
SC_51858328,0,0,0,0,0
SC_50527715,0,0,0,0,0
SC_54943688,0,0,0,0,0
SC_53998178,0,0,0,0,0
SC_53999322,0,0,0,0,0
SC_50670522,0,0,0,0,0
SC_52416834,0,0,0,0,0
SC_50670396,0,0,0,0,0
SC_54061291,0,0,1,2,2
SC_54045656,0,0,0,0,0
SC_51016901,0,0,1,0,1
SC_51016902,1,0,1,0,2
SC_51230633,0,0,0,0,0
SC_51858235,0,0,1,2,2
SC_50670393,0,0,0,0,0
SC_50670387,0,0,0,0,0
SC_55547560,0,0,0,0,0
SC_54943418,0,0,0,0,0
SC_50670524,0,0,0,0,0
SC_51016900,0,0,0,0,0
SC_51016754,1,0,0,1,1
SC_51228340,0,0,0,0,0
SC_51012937,0,0,0,0,0
SC_54541861,0,0,0,0,0
SC_55023429,1,0,0,1,1
SC_52411382,2,0,0,1,2
SC_51012841,0,0,1,0,1
SC_51004622,1,0,2,2,4
SC_51012827,2,0,0,1,2
SC_51016897,2,0,1,3,4
SC_55023158,1,0,0,1,1
SC_51016898,1,0,0,1,1
SC_53588625,0,0,0,0,0
SC_51016756,0,0,0,0,0
SC_50468160,0,0,0,0,0
SC_51012935,0,0,0,0,0
SC_51016910,0,0,0,0,0
SC_51009897,0,0,0,0,0
SC_51016753,1,0,0,1,1
SC_51744646,0,0,0,3,3
SC_51016957,0,0,0,0,0
SC_50046045,0,0,0,0,0
SC_50046165,0,0,0,0,0
SC_51016813,1,0,0,0,1
SC_51016816,2,0,0,2,4
SC_51551389,0,0,0,0,0
SC_51016773,0,0,1,1,2
SC_52924467,0,0,0,0,0
SC_51016810,0,0,0,1,1
SC_55283576,0,0,0,0,0
SC_51016809,0,0,1,1,2
SC_55477760,0,0,0,0,0
SC_53973612,0,0,0,0,0
SC_51016811,0,0,0,0,0
SC_51016989,0,0,0,0,0
SC_54298557,1,0,0,1,2
SC_51016795,1,0,1,1,3
SC_51016915,1,0,0,0,1
SC_52466523,0,0,1,0,1
SC_51230638,0,1,0,0,1
SC_51858285,0,0,0,0,0
SC_54752960,1,0,0,0,1
SC_51016808,0,0,0,3,3
SC_51016833,1,0,0,0,1
SC_55543504,1,0,0,0,1
SC_51017028,1,0,0,1,2
SC_51016815,1,0,0,1,2
SC_53269127,0,0,0,0,0
SC_50667272,0,0,0,0,0
SC_50823049,0,0,1,0,1
SC_50667285,0,0,0,0,0
SC_53288980,0,0,0,0,0
SC_51858308,0,0,1,2,2
SC_50823068,0,0,0,0,0
SC_53288741,0,0,0,0,0
SC_51016926,0,0,0,0,0
SC_51087771,0,0,0,0,0
SC_50520509,0,0,0,0,0
SC_54844357,0,0,0,3,3
SC_51013774,0,0,0,0,0
SC_54536389,0,0,0,0,0
SC_53265188,0,0,0,0,0
SC_53265185,0,0,0,0,0
SC_54049464,0,0,0,0,0
SC_51858325,0,0,0,0,0
SC_53265147,0,0,0,0,0
SC_50670564,0,0,0,0,0
SC_54536381,0,0,0,0,0
SC_54536214,0,0,0,0,0
SC_54536036,0,0,0,0,0
SC_54536025,0,0,0,0,0
SC_54046887,0,0,0,0,0
SC_51087760,0,0,0,0,0
SC_51016894,2,0,2,3,5
SC_51016895,0,1,2,2,4
SC_55035973,3,1,0,1,3
SC_55037747,5,1,3,4,7
SC_55035778,0,0,0,0,0
SC_55636693,0,0,0,0,0
SC_55636692,0,0,0,0,0
SC_54046695,0,0,0,0,0
SC_54046461,0,0,0,0,0
SC_55016157,0,0,0,0,0
SC_53662956,0,0,0,0,0
SC_55707541,0,0,0,0,0
SC_54765511,0,0,0,0,0
SC_55347017,0,0,1,0,1
SC_55506541,0,0,1,0,1
SC_51016939,0,0,0,0,0
SC_54641228,0,0,0,0,0
SC_54647470,0,0,0,0,0
SC_50903320,0,0,0,0,0
SC_50046076,0,0,0,0,0
SC_50903257,0,0,0,0,0
SC_50046056,0,0,0,0,0
SC_53613074,0,0,0,0,0
SC_53641246,0,0,0,0,0
SC_51016797,0,0,0,0,0
SC_54956174,0,0,0,0,0
SC_54959534,0,0,0,0,0
SC_54955547,0,0,0,0,0
SC_54956671,0,0,0,0,0
SC_54956655,0,0,0,0,0
SC_54955933,0,0,0,0,0
SC_54743910,0,0,0,0,0
SC_54935413,1,0,0,1,1
SC_54934032,0,0,0,0,0
SC_51017076,0,0,0,0,0
SC_53284240,0,0,0,0,0
SC_51016803,0,0,0,0,0
SC_53284317,0,0,2,0,2
SC_54552034,0,0,0,1,1
SC_54556615,0,0,0,1,1
SC_54295020,0,0,0,0,0
SC_54532813,0,0,0,0,0
SC_51016804,0,0,0,0,0
SC_55019002,1,0,3,6,8
SC_51017073,0,0,0,0,0
SC_51016800,0,0,0,0,0
SC_54552040,0,0,0,1,1
SC_54550446,0,0,0,1,1
SC_55586743,2,1,2,2,3
SC_54558795,0,0,0,1,1
SC_55011324,0,0,0,0,0
SC_54540793,0,0,0,0,0
SC_51007574,1,0,0,0,1
SC_51016796,1,0,0,0,1
SC_54629281,1,1,0,1,1
SC_54598076,0,0,0,0,0
SC_51016807,1,1,1,1,2
SC_54629278,0,0,0,0,0
SC_53689751,1,1,0,1,1
SC_53678625,1,1,0,1,1
SC_53419709,5,3,1,3,6
SC_53845474,1,1,0,1,1
SC_55553029,0,0,0,0,0
SC_54536721,0,0,0,0,0
SC_54533410,0,0,0,0,0
SC_54535083,2,1,1,2,3
SC_55586744,2,1,2,2,3
SC_55017783,1,0,0,1,1
SC_54542934,2,1,2,2,3
SC_53675369,1,1,0,1,1
SC_53935825,1,1,0,1,1
SC_53614697,1,1,0,2,2
SC_54740871,0,0,0,0,0
SC_54930612,0,0,0,0,0
SC_54928878,0,0,0,0,0
SC_51590140,0,0,0,0,0
SC_51590142,0,0,0,0,0
SC_50545994,0,0,0,0,0
SC_53695460,1,1,0,1,1
SC_53419614,3,2,1,3,4
SC_51016805,5,3,2,3,7
SC_50545999,0,0,0,0,0
SC_55017964,0,0,0,0,0
SC_54069297,0,0,0,0,0
SC_53613002,0,0,0,0,0
SC_54069010,0,0,0,0,0
SC_55590646,0,0,0,0,0
SC_53670893,0,0,0,0,0
SC_53282603,0,0,0,0,0
SC_54069876,0,0,0,0,0
SC_53670879,0,0,0,0,0
SC_53283298,0,0,0,0,0
SC_54069214,0,0,0,0,0
SC_54069816,0,0,0,0,0
SC_54533084,0,0,0,0,0
SC_54532822,0,0,0,0,0
SC_50838445,0,0,0,0,0
SC_50705797,0,0,0,0,0
SC_55030225,0,0,0,0,0
SC_55029989,0,0,0,0,0
SC_53646380,0,0,0,0,0
SC_51230649,0,0,0,1,1
SC_50705656,0,0,0,0,0
SC_50705655,1,0,0,0,1
SC_51858320,0,0,0,0,0
SC_54844285,0,0,1,0,1
SC_54939159,0,0,1,0,1
SC_54935821,0,0,1,0,1
SC_54935125,0,0,1,0,1
SC_53613012,6,5,4,4,13
SC_50459913,1,0,0,1,2
SC_51545071,1,0,2,4,6
SC_50705652,0,0,0,0,0
SC_55600194,0,0,0,0,0
SC_51012967,0,0,0,0,0
SC_51012965,0,0,0,0,0
SC_50705657,0,0,0,0,0
SC_55597531,0,0,0,0,0
SC_51012975,0,0,0,0,0
SC_51012972,0,0,0,0,0
SC_51012971,0,0,0,0,0
SC_50562728,0,0,0,0,0
SC_54128120,0,0,0,0,0
SC_53259227,0,0,0,0,0
SC_53257975,0,0,1,3,3
SC_50459903,0,0,2,2,3
SC_50459916,3,1,3,2,6
SC_50459915,3,1,3,2,6
SC_54764298,2,0,0,0,2
SC_52874138,3,1,5,5,10
SC_51549860,3,1,5,4,9
SC_51551302,3,1,5,4,9
SC_51016746,0,0,2,3,4
SC_53255937,1,0,1,2,3
SC_54069292,0,0,0,0,0
SC_53266472,0,0,0,0,0
SC_51547470,1,0,0,1,1
SC_53688911,0,1,0,0,1
SC_55055627,1,0,1,2,3
SC_52416635,0,0,0,0,0
SC_51016938,0,0,0,0,0
SC_51017051,0,0,0,0,0
SC_50046000,0,0,0,0,0
SC_50046034,0,0,0,0,0
SC_51016979,0,0,0,0,0
SC_53238752,1,0,0,0,1
SC_51863537,0,0,1,0,1
SC_51016789,0,0,0,0,0
SC_55610762,0,0,1,0,1
SC_51863539,0,0,0,0,0
SC_52436661,0,0,0,0,0
SC_55030361,0,0,0,0,0
SC_52898748,1,0,0,0,1
SC_51016786,1,0,2,0,3
SC_51016794,0,0,0,0,0
SC_51016793,0,0,1,2,2
SC_52909602,0,0,1,1,2
SC_51016791,0,0,0,0,0
SC_51016792,0,0,0,0,0
SC_54598951,0,0,0,0,0
SC_50469534,0,0,0,0,0
SC_50515302,0,0,0,0,0
SC_51970286,0,0,0,0,0
SC_50841831,0,0,0,0,0
SC_51543110,0,0,0,0,0
SC_54098372,0,0,0,0,0
SC_51887307,0,0,0,0,0
SC_51863524,0,0,0,0,0
SC_51863523,0,0,0,0,0
SC_51970103,0,0,0,0,0
SC_50527766,0,0,0,0,0
SC_50841793,0,0,0,0,0
SC_50515300,0,0,0,0,0
SC_52434818,0,0,0,0,0
SC_51970452,0,0,0,0,0
SC_51951979,0,0,0,0,0
SC_51016955,0,0,0,0,0
SC_52407222,0,0,0,0,0
SC_52406801,0,0,0,0,0
SC_52407133,0,0,0,0,0
SC_52406437,0,0,0,0,0
SC_50045968,0,0,0,0,0
SC_50045967,0,0,0,0,0
SC_51016674,0,0,2,2,3
SC_51936089,0,0,1,2,2
SC_51963039,0,0,0,0,0
SC_51016986,0,0,0,0,0
SC_51956754,0,0,0,0,0
SC_50045963,0,0,0,0,0
SC_50045962,0,0,0,0,0
SC_51016941,0,0,0,0,0
SC_51016940,0,0,0,0,0
SC_51016781,0,0,0,0,0
SC_50046232,0,0,0,0,0
SC_50046216,0,0,0,0,0
SC_54023324,0,0,0,0,0
SC_54955257,0,0,0,0,0
SC_54959612,0,0,0,0,0
SC_54955022,0,0,0,0,0
SC_54955410,0,0,0,0,0
SC_54955006,1,0,0,1,1
SC_54955272,0,0,0,0,0
SC_54959583,0,0,0,0,0
SC_54955118,0,0,0,0,0
SC_54743912,0,0,0,3,3
SC_54740901,0,0,0,3,3
SC_53640599,2,0,0,1,2
SC_53702579,2,0,0,1,2
SC_51016821,1,0,0,0,1
SC_51016820,2,0,1,1,3
SC_50841972,0,0,0,0,0
SC_50666688,3,0,0,2,3
SC_55527880,0,0,0,0,0
SC_54009796,0,0,0,0,0
SC_50666693,3,0,0,2,3
SC_50459918,1,0,0,1,1
SC_51016896,4,1,3,2,8
SC_51016924,1,0,0,0,1
SC_55540411,4,0,3,5,9
SC_55540651,2,0,0,0,2
SC_53511372,0,0,0,0,0
SC_55006494,0,0,0,0,0
SC_50045938,0,0,0,0,0
SC_50045930,0,0,0,0,0
SC_54206693,0,0,0,0,0
SC_51697491,0,0,0,0,0
SC_50630513,0,0,0,1,1
SC_53262012,0,0,1,1,2
SC_55607072,0,0,0,0,0
SC_55606834,0,0,0,0,0
SC_55606518,0,0,0,0,0
SC_55605391,0,0,0,0,0
SC_54958353,0,0,0,0,0
SC_54951596,0,0,0,0,0
SC_54959869,0,0,0,0,0
SC_54953937,0,0,0,0,0
SC_50630521,0,0,0,1,1
SC_50630314,0,0,0,1,1
SC_50630309,0,0,0,1,1
SC_50630449,0,0,0,1,1
SC_50630435,0,0,0,1,1
SC_50630369,0,0,0,1,1
SC_50629737,0,0,0,0,0
SC_50630367,0,0,0,1,1
SC_50630363,0,0,0,0,0
SC_55604226,0,0,0,0,0
SC_55605236,0,0,0,0,0
SC_55603639,0,0,0,0,0
SC_55603187,0,0,0,0,0
SC_55601700,0,0,0,0,0
SC_54740667,0,0,0,0,0
SC_53246269,0,0,1,0,1
SC_51016783,0,0,0,0,0
SC_53250485,0,0,0,0,0
SC_54743907,0,0,0,0,0
SC_54953784,0,0,0,0,0
SC_54959745,0,0,0,0,0
SC_54951456,0,0,0,0,0
SC_54958266,0,0,0,0,0
SC_53258796,0,0,2,2,3
