id,climate,energy,environment,resources,sustainability,dedicated
AMUV4110-1,0,0,0,0,0,0
AMUV4150-1,0,0,0,0,0,0
AMUV4200-1,0,0,0,0,0,0
AMUV4250-1,0,0,0,0,0,0
AMUV4300-1,0,0,0,0,0,0
AMUV4350-1,0,0,0,0,0,0
AMUV4500-1,0,0,0,0,0,0
AMUV4550-1,0,0,0,0,0,0
AMUV4600-1,0,0,0,0,0,0
AMUV4800-1,0,0,0,0,0,0
AMUV4900-1,0,0,0,0,0,0
ANSV4100-1,0,0,0,0,0,0
ANSV4150-1,0,0,0,0,0,0
ANSV4200-1,0,0,0,0,0,0
ANSV4250-1,0,0,0,0,0,0
ANSV4310-1,0,0,0,0,0,0
ANSV4360-1,0,0,0,0,0,0
ANSV4400-1,0,0,0,0,0,0
ANSV4450-1,0,0,0,0,0,0
APCV2010-1,0,0,0,0,0,0
APCV2020-1,0,0,0,0,0,0
APCV2040-1,0,0,0,0,0,0
APCV2050-1,0,0,0,0,0,0
APCV2060-1,0,0,0,0,0,0
APCV2080-1,0,0,0,0,0,0
APCV2090-1,0,0,0,0,0,0
APCV2100-1,0,0,0,0,0,0
APCV2110-1,0,0,0,0,0,0
APCV3010-1,0,0,0,0,0,0
APCV3020-1,0,0,0,0,0,0
APCV3030-1,0,0,0,0,0,0
APCV3040-1,0,0,0,0,0,0
APCV3060-1,0,0,0,0,0,0
APCV3070-1,0,0,0,0,0,0
APCV3080-1,0,0,0,0,0,0
APOV2010-1,0,0,0,0,0,0
APOV2030-1,0,0,0,0,0,0
APOV2040-1,0,0,0,0,0,0
APOV2050-1,0,0,0,0,0,0
APOV2070-1,0,0,0,0,0,0
APOV2080-1,0,0,0,0,0,0
APOV2090-1,0,0,0,0,0,0
APOV2100-1,0,0,0,0,0,0
APOV2110-1,0,0,0,0,0,0
APOV3010-1,0,0,0,0,0,0
APOV3020-1,0,0,0,0,0,0
APOV3030-1,0,0,0,0,0,0
APOV3040-1,0,0,0,0,0,0
APOV3050-1,0,0,0,0,0,0
APOV3060-1,0,0,0,0,0,0
APPV2022-1,0,0,0,0,0,0
APPV2050-1,0,0,0,0,0,0
APPV2060-1,0,0,0,0,0,0
APPV2070-1,0,0,0,0,0,0
APPV2080-1,0,0,0,0,0,0
APPV2130-1,0,0,0,0,0,0
APPV2142-1,0,0,0,0,0,0
APPV3020-1,0,0,0,0,0,0
APPV3030-1,0,0,0,0,0,0
APPV3070-1,0,0,0,0,0,0
APPV3080-1,0,0,0,0,0,0
APPV3100-1,0,0,0,0,0,0
APPV3110-1,0,0,0,0,0,0
APSV1030-1,0,0,0,0,0,0
APSV1060-1,0,0,0,0,0,0
APSV1080-1,0,0,0,0,0,0
APSV1120-1,0,0,0,0,0,0
APSV1130-1,0,0,0,0,0,0
APSV1140-1,0,0,0,0,0,0
APSV1150-1,0,0,0,0,0,0
APSV1160-1,0,0,0,0,0,0
APSV1170-1,0,0,0,0,0,0
APSV1180-1,0,0,0,0,0,0
APSV2010-1,0,0,0,0,0,0
APSV2020-1,0,0,0,0,0,0
APSV2030-1,0,0,0,0,0,0
APSV2040-1,0,0,0,0,0,0
APSV2050-1,0,0,0,0,0,0
APSV2070-1,0,0,0,0,0,0
APSV2080-1,0,0,0,0,0,0
APSV2090-1,0,0,0,0,0,0
APSV3010-1,0,0,0,0,0,0
APSV3020-1,0,0,0,0,0,0
APSV3030-1,0,0,0,0,0,0
APSV3040-1,0,0,0,0,0,0
AUDV1022-1,0,0,0,0,0,0
AUDV1119-1,0,0,0,0,0,0
AUDV1222-1,0,0,0,0,0,0
AUDV1321-1,0,0,0,0,0,0
AUDV1421-1,0,0,0,0,0,0
AUDV1519-1,0,0,0,0,0,0
AUDV1621-1,0,0,0,0,0,0
AUDV1721-1,0,0,0,0,0,0
AUDV1821-1,0,0,0,0,0,0
AUDV1921-1,0,0,0,0,0,0
AUDV2022-1,0,0,0,0,0,0
AUDV2122-1,0,0,0,0,0,0
AUDV2221-1,0,0,0,0,0,0
AUDV2321-1,0,0,0,0,0,0
AUDV2419-1,0,0,0,0,0,0
AUDV2521-1,0,0,0,0,0,0
AUDV2621-1,0,0,0,0,0,0
AUDV2721-1,0,0,0,0,0,0
AUDV2821-1,0,0,0,0,0,0
AUDV2921-1,0,0,0,0,0,0
AUDV3121-1,0,0,0,0,0,0
AUDV3321-1,0,0,0,0,0,0
AUDV3419-1,0,0,0,0,0,0
AUDV3519-1,0,0,0,0,0,0
AUDV3621-1,0,0,0,0,0,0
AUDV3721-1,0,0,0,0,0,0
AUDV3821-1,0,0,0,0,0,0
AUDV3921-1,0,0,0,0,0,0
BBMV1030-2,0,0,0,0,0,0
BBMV1040-1,0,0,0,0,0,0
BBMV1050-1,0,0,0,0,0,0
BBMV1060-1,0,0,1,0,0,0
BBMV1080-1,0,0,1,0,0,0
BBMV1090-1,0,0,0,0,0,0
BBMV1100-1,0,0,0,0,0,0
BBMV1110-1,0,0,0,0,0,0
BBMV1120-1,0,0,0,0,0,0
BBMV1140-2,0,0,0,0,0,0
BBMV1150-1,0,0,0,0,0,0
BBMV1160-1,0,0,0,0,0,0
BBMV2011-1,0,0,0,0,0,0
BBMV2021-1,0,0,1,0,0,0
BBMV2022-1,0,0,0,0,0,0
BBMV2030-1,0,0,1,0,0,0
BBMV2040-1,0,0,0,0,0,0
BBMV2051-1,0,0,0,0,0,0
BBMV2052-1,0,0,1,0,0,0
BBMV2070-1,0,0,0,0,0,0
BBMV2081-1,0,0,0,0,0,0
BBMV2090-1,0,0,1,0,0,0
BBMV2100-1,0,0,0,0,0,0
BBMV2110-1,0,0,1,0,0,0
BBMV2120-1,0,0,1,0,0,0
BBMV2130-1,0,0,0,0,0,0
BBMV2140-1,0,0,0,0,0,0
BBMV2150-1,0,0,0,0,0,0
BBMV3010-3,0,0,0,0,0,0
BBMV3020-1,0,0,0,0,0,0
BBMV3030-1,0,0,0,0,0,0
BBMV3040-1,0,0,0,0,0,0
BBMV3050-2,0,0,0,0,0,0
BBMV3060-1,0,0,1,0,0,0
BBMV3080-2,0,0,0,0,0,0
BBMV3090-2,0,0,0,0,0,0
BBMV3070-1,0,0,0,0,0,0
BBMV3100-2,0,0,0,0,0,0
BBMV3110-2,0,0,1,0,0,0
BBQV1010-1,0,0,0,0,0,0
BBQV1020-1,0,0,0,0,0,0
BBQV1030-1,0,0,0,0,0,0
BBQV1040-1,0,0,0,0,0,0
BBQV1050-1,0,0,0,0,0,0
BBQV1060-1,0,0,0,0,0,0
BBQV1070-1,0,0,0,0,0,0
BBQV1080-1,0,0,0,0,0,0
BBQV1090-1,0,0,0,1,0,0
BBQV1100-1,0,0,0,0,0,0
BBQV1110-1,0,0,0,0,0,0
BBQV1120-1,0,0,0,0,0,0
BBQV1130-1,0,0,0,0,0,0
BBQV1140-1,0,0,0,0,0,0
BBQV1150-1,0,0,0,0,0,0
BBQV2010-1,0,0,0,0,0,0
BBQV2020-1,0,0,0,0,0,0
BBQV2030-1,0,0,0,0,0,0
BBQV2040-1,0,0,0,0,0,0
BBQV2050-1,0,0,0,0,0,0
BBQV2060-1,0,0,0,0,0,0
BBQV2070-1,0,0,0,0,0,0
BBQV2080-1,0,0,0,0,0,0
BBQV2090-1,0,0,0,0,0,0
BBQV2100-1,0,0,0,0,0,0
BBQV3010-1,0,0,0,0,0,0
BBQV3020-1,0,0,0,0,0,0
BBQV3030-1,0,0,0,0,0,0
BBQV3040-1,0,0,0,0,0,0
BBQV3050-1,0,0,0,0,0,0
BBQV3060-1,0,0,0,0,0,0
BBQV3070-1,0,0,0,0,0,0
BBQV3080-1,0,0,0,0,0,0
BBQV3090-1,0,0,0,0,0,0
BBQV3100-1,0,0,0,0,0,0
BCHV1030-2,0,0,0,0,0,0
BCHV1040-1,0,0,0,0,0,0
BCHV1050-1,0,0,0,0,0,0
BCHV1060-1,0,0,0,0,0,0
BCHV1080-1,0,0,1,0,0,0
BCHV1090-1,0,0,0,0,0,0
BCHV1100-1,0,0,0,0,0,0
BCHV1110-1,0,0,0,0,0,0
BCHV1120-1,0,0,0,0,0,0
BCHV1140-2,0,0,0,0,0,0
BCHV1150-1,0,0,0,0,0,0
BCHV2020-1,0,0,0,0,0,0
BCHV2040-1,0,0,0,0,0,0
BCHV2050-1,0,0,1,0,0,0
BCHV2070-1,0,0,0,0,0,0
BCHV2090-1,0,0,0,0,0,0
BCHV2100-1,0,0,0,0,0,0
BCHV2110-1,0,0,0,0,0,0
BCHV2120-1,0,0,0,0,0,0
BCHV2130-1,0,0,0,0,0,0
BCHV2140-1,0,0,0,0,0,0
BCHV2150-1,0,0,0,0,0,0
BCHV2210-1,0,0,0,0,0,0
BCHV2220-1,0,0,0,0,0,0
BCHV2230-1,0,0,0,0,0,0
BCHV2250-1,0,0,0,0,0,0
BCHV2260-1,0,0,0,0,0,0
BCHV2310-1,0,0,0,0,0,0
BCHV2330-1,0,0,0,0,0,0
BCHV2340-1,0,0,0,0,0,0
BCHV2430-1,0,0,1,0,0,1
BCHV2440-1,0,0,0,1,0,0
BCHV2450-1,0,0,1,0,0,1
BCHV2460-1,1,0,0,0,0,0
BCHV3010-1,0,0,0,0,0,0
BCHV3020-1,0,0,1,0,0,0
BCHV3030-1,0,0,0,0,0,0
BCHV3040-1,0,0,0,0,0,0
BCHV3060-1,0,0,0,0,0,0
BCHV3070-1,0,0,0,0,0,0
BCHV3080-1,0,0,0,0,0,0
BCHV3090-2,0,0,0,0,0,0
BCHV3100-1,0,0,0,0,0,0
BCHV3210-1,0,0,0,0,0,0
BCHV3230-1,0,0,0,0,0,0
BCHV3310-1,0,0,1,1,1,0
BCHV3340-1,0,0,0,0,0,0
BCHV3440-1,0,0,1,0,0,0
BCHV3510-1,0,0,0,0,0,0
BCHV3520-1,0,0,0,0,0,0
BDIV1010-2,0,0,0,0,0,0
BDIV1020-1,0,0,0,0,0,0
BDIV1050-1,0,0,0,0,0,0
BDIV1080-2,0,0,0,0,0,0
BDIV1090-1,0,0,0,0,0,0
BDIV1110-1,0,0,0,0,0,0
BDIV1140-1,0,0,0,0,0,0
BDIV1160-1,0,0,0,0,0,0
BDIV1170-1,0,0,0,0,0,0
BDIV1180-1,0,0,0,0,0,0
BDIV1190-1,0,0,0,0,0,0
BDIV1200-1,0,0,0,0,0,0
BDIV1210-1,0,0,0,0,0,0
BDIV2010-1,0,0,0,0,0,0
BDIV2030-1,0,0,0,0,0,0
BDIV2040-1,0,0,0,0,0,0
BDIV2050-2,0,0,0,0,0,0
BDIV2070-1,0,0,0,0,0,0
BDIV2080-1,0,0,0,0,0,0
BDIV2090-1,0,0,0,0,0,0
BDIV2100-1,0,0,0,0,0,0
BDIV2110-1,0,0,0,0,0,0
BDIV2120-1,0,0,0,0,0,0
BDIV2130-1,0,0,0,0,0,0
BDIV2140-2,0,0,0,0,0,0
BDIV2160-2,0,0,0,0,0,0
BDIV2170-1,0,0,0,0,0,0
BDIV2180-1,0,0,0,0,0,0
BDIV2190-1,0,0,0,0,0,0
BDIV2200-1,0,0,0,0,0,0
BDIV2210-1,0,0,0,0,0,0
BDIV3010-1,0,0,0,0,0,0
BDIV3020-1,0,0,0,0,0,0
BDIV3030-1,0,0,0,0,0,0
BDIV3040-1,0,0,0,0,0,0
BDIV3060-1,0,0,0,0,0,0
BDIV3070-1,0,0,0,0,0,0
BDIV3090-1,0,0,0,0,0,0
BDIV3100-2,0,0,0,0,0,0
BDIV3110-2,0,0,0,0,0,0
BDIV3120-2,0,0,0,0,0,0
BDIV3130-2,0,0,0,0,0,0
BDIV3150-1,0,0,0,0,0,0
BDIV3160-1,0,0,0,0,0,0
BIMV1010-1,0,0,0,0,0,0
BIMV1020-1,0,0,0,0,0,0
BIMV1030-1,0,0,0,0,0,0
BIMV1040-1,0,0,0,0,0,0
BIMV1050-1,0,0,0,0,0,0
BIMV1070-2,0,0,0,0,0,0
BIMV1080-1,0,0,0,0,0,0
BIMV1090-1,0,0,0,0,0,0
BIMV1101-1,0,0,0,0,0,0
BIMV1102-1,0,0,0,0,0,0
BIMV1110-1,0,0,0,0,0,0
BIMV1120-1,0,0,0,0,0,0
BIMV1130-1,0,0,0,0,0,0
BIMV1140-1,0,0,0,0,0,0
BIMV2010-1,0,0,0,0,0,0
BIMV2020-1,0,0,0,0,0,0
BIMV2030-2,0,0,0,0,0,0
BIMV2041-1,0,0,0,0,0,0
BIMV2042-1,0,0,0,0,0,0
BIMV2050-1,0,0,0,0,0,0
BIMV2060-1,0,0,0,0,0,0
BIMV2070-1,0,0,0,0,0,0
BIMV2081-1,0,0,0,0,0,0
BIMV2082-1,0,0,0,0,0,0
BIMV2091-1,0,0,0,0,0,0
BIMV2092-1,0,0,0,0,0,0
BIMV2101-1,0,0,0,0,0,0
BIMV2102-1,0,0,0,0,0,0
BIMV2110-1,0,0,0,0,0,0
BIMV2120-1,0,0,0,0,0,0
BIMV2130-1,0,0,0,0,0,0
BIMV2140-1,0,0,0,0,0,0
BIMV2150-1,0,0,0,0,0,0
BIMV2160-1,0,0,0,0,0,0
BIMV3010-1,0,0,0,0,0,0
BIMV3020-1,0,0,0,0,0,0
BIMV3030-2,0,0,0,0,0,0
BIMV3040-1,0,0,0,0,0,0
BIMV3051-1,0,0,0,0,0,0
BIMV3052-1,0,0,0,0,0,0
BIMV3060-1,0,0,0,0,0,0
BIMV3070-1,0,0,0,0,0,0
BIMV3080-2,0,0,0,0,0,0
BIMV3090-2,0,0,0,0,0,0
BIMV3100-2,0,0,0,0,0,0
BIMV3110-1,0,0,0,0,0,0
BIMV3120-1,0,0,0,0,0,0
BIMV3130-1,0,0,0,0,0,0
BINV1010-1,0,0,0,0,0,0
BINV1020-1,0,0,0,0,0,0
BINV1030-1,0,0,0,0,0,0
BINV1040-1,0,0,0,0,0,0
BINV1051-1,0,0,0,0,0,0
BINV1060-1,0,0,0,0,0,0
BINV1071-1,0,0,0,0,0,0
BINV1072-1,0,0,0,0,0,0
BINV1080-2,0,0,0,0,0,0
BINV1090-1,0,0,0,0,0,0
BINV1100-1,0,0,0,0,0,0
BINV1110-1,0,0,0,0,0,0
BINV1120-1,0,0,0,0,0,0
BINV2011-1,0,0,0,0,0,0
BINV2040-1,0,0,0,0,0,0
BINV2080-1,0,0,0,0,0,0
BINV2090-2,0,0,0,0,0,0
BINV2110-2,0,0,0,0,0,0
BINV2120-1,0,0,0,0,0,0
BINV2130-1,0,0,0,0,0,0
BINV2140-1,0,0,0,0,0,0
BINV2150-2,0,0,0,0,0,0
BINV2160-1,0,0,0,0,0,0
BINV2181-2,0,0,0,0,0,0
BINV2191-1,0,0,0,0,0,0
BINV2192-1,0,0,0,0,0,0
BINV3050-1,0,0,0,0,0,0
BINV3080-1,0,0,0,0,0,0
BINV3090-1,0,0,0,0,0,0
BINV3100-2,0,0,0,0,0,0
BINV3140-1,0,0,0,0,0,0
BINV3150-1,0,0,0,0,0,0
BINV3170-2,0,0,0,0,0,0
BINV3180-1,0,0,0,0,0,0
BINV3190-1,0,0,0,0,0,0
BINV3200-3,0,0,0,0,0,0
BINV3210-1,0,0,0,0,0,0
COSV1010-1,0,0,0,0,0,0
COSV1020-1,0,0,0,0,0,0
COSV1030-1,0,0,0,0,0,0
COSV1110-1,0,0,0,0,0,0
COSV1120-1,0,0,0,0,0,0
COSV1130-1,0,0,0,0,0,0
COSV1210-1,0,0,0,0,0,0
COSV1220-1,0,0,0,0,0,0
COSV1230-1,0,0,0,0,0,0
COSV1310-1,0,0,0,0,0,0
COSV1320-1,0,0,0,0,0,0
COSV1410-1,0,0,0,0,0,0
COSV1420-1,0,0,0,0,0,0
COSV1430-1,0,0,0,0,0,0
COSV1440-1,0,0,0,0,0,0
COSV1510-1,0,0,0,0,0,0
COSV1520-1,0,0,0,0,0,0
COSV2110-1,0,0,0,0,0,0
COSV2120-1,0,0,0,0,0,0
COSV2210-1,0,0,0,0,0,0
COSV2220-1,0,0,0,0,0,0
COSV2310-1,0,0,0,0,0,0
COSV2320-1,0,0,0,0,0,0
COSV2410-1,0,0,0,0,0,0
COSV2420-1,0,0,0,0,0,0
COSV2430-1,0,0,0,0,0,0
COSV2440-1,0,0,0,0,0,0
COSV2510-1,0,0,0,0,0,0
COSV2520-1,0,0,0,0,0,0
COSV2530-1,0,0,0,0,0,0
COSV3110-1,0,0,0,0,0,0
COSV3120-1,0,0,0,0,0,0
COSV3130-1,0,0,0,0,0,0
COSV3210-1,0,0,0,0,0,0
COSV3220-1,0,0,0,0,0,0
COSV3310-1,0,0,0,0,0,0
COSV3410-1,0,0,0,0,0,0
COSV3420-1,0,0,0,0,0,0
COSV3440-1,0,0,0,0,0,0
COSV3510-1,0,0,0,0,0,0
COSV3520-1,0,0,0,0,0,0
COSV3530-1,0,0,0,0,0,0
EDUV1210-1,0,0,0,0,0,0
EDUV1220-1,0,0,0,0,0,0
EDUV1230-1,0,0,0,0,0,0
EDUV1240-1,0,0,0,0,0,0
EDUV1250-1,0,0,0,0,0,0
EDUV1260-1,0,0,0,0,0,0
EDUV1270-1,0,0,0,0,0,0
EDUV1280-1,0,0,0,0,0,0
EDUV1290-1,0,0,0,0,0,0
EDUV1300-1,0,0,0,0,0,0
EDUV1310-1,0,0,0,0,0,0
EDUV2310-1,0,0,0,0,0,0
EDUV2320-1,0,0,0,0,0,0
EDUV2330-1,0,0,0,0,0,0
EDUV2340-1,0,0,0,0,0,0
EDUV2350-1,0,0,0,0,0,0
EDUV2360-1,0,0,0,0,0,0
EDUV2370-1,0,0,0,0,0,0
EDUV2380-1,0,0,0,0,0,0
EDUV2390-1,0,0,0,0,0,0
EDUV2400-1,0,0,0,0,0,0
EDUV2410-1,0,0,0,0,0,0
EDUV3000-1,0,0,0,0,0,0
EDUV3030-1,0,0,0,0,0,0
EDUV3040-1,0,0,0,0,0,0
EDUV3050-1,0,0,0,0,0,0
EDUV3061-1,0,0,0,0,0,0
EDUV3071-1,0,0,0,0,0,0
EDUV3080-1,0,0,0,0,0,0
EDUV3091-1,0,0,0,0,0,0
EDUV3121-1,0,0,0,0,0,0
EPSV1060-1,0,0,0,0,0,0
EPSV1070-1,0,0,0,0,0,0
EPSV1150-1,0,0,0,0,0,0
EPSV1200-1,0,0,0,0,0,0
EPSV1210-1,0,0,0,0,0,0
EPSV1220-1,0,0,0,0,0,0
EPSV1230-1,0,0,0,0,0,0
EPSV1240-1,0,0,0,0,0,0
EPSV1250-1,0,0,0,0,0,0
EPSV1260-1,0,0,0,0,0,0
EPSV1270-1,0,0,0,0,0,0
EPSV1280-1,0,0,0,0,0,0
EPSV1300-1,0,0,0,0,0,0
EPSV1400-1,0,0,0,0,0,0
EPSV1500-1,0,0,0,0,0,0
EPSV1600-1,0,0,0,0,0,0
EPSV2040-1,0,0,0,0,0,0
EPSV2060-1,0,0,0,0,0,0
EPSV2080-1,0,0,0,0,0,0
EPSV2090-1,0,0,0,0,0,0
EPSV2130-1,0,0,0,0,0,0
EPSV2200-1,0,0,0,0,0,0
EPSV2210-1,0,0,0,0,0,0
EPSV2220-1,0,0,0,0,0,0
EPSV2230-1,0,0,0,0,0,0
EPSV2240-1,0,0,0,0,0,0
EPSV2250-1,0,0,0,0,0,0
EPSV2260-1,0,0,0,0,0,0
EPSV2290-1,0,0,0,0,0,0
EPSV2300-1,0,0,0,0,0,0
EPSV2310-1,0,0,0,0,0,0
EPSV2400-1,0,0,0,0,0,0
EPSV2410-1,0,0,0,0,0,0
EPSV2500-1,0,0,0,0,0,0
EPSV3020-1,0,0,0,0,0,0
EPSV3060-1,0,0,0,0,0,0
EPSV3171-1,0,0,0,0,0,0
EPSV3210-1,0,0,0,0,0,0
EPSV3250-1,0,0,0,0,0,0
EPSV3260-1,0,0,0,0,0,0
EPSV3270-1,0,0,0,0,0,0
EPSV3300-1,0,0,0,0,0,0
EPSV3310-1,0,0,0,0,0,0
EPSV3320-1,0,0,0,0,0,0
EPSV3400-1,0,0,0,0,0,0
EPSV3410-1,0,0,0,0,0,0
EPSV3420-1,0,0,0,0,0,0
EPSV3430-1,0,0,0,0,0,0
EPSV3500-1,0,0,0,0,0,0
ERGV1410-1,0,0,0,0,0,0
ERGV1420-1,0,0,0,0,0,0
ERGV1431-1,0,0,0,0,0,0
ERGV1432-1,0,0,0,0,0,0
ERGV1440-1,0,0,0,0,0,0
ERGV1450-1,0,0,0,0,0,0
ERGV1460-1,0,0,0,0,0,0
ERGV1470-1,0,0,0,0,0,0
ERGV1480-1,0,0,0,0,0,0
ERGV1490-1,0,0,0,0,0,0
ERGV1500-1,0,0,0,0,0,0
ERGV1510-1,0,0,0,0,0,0
ERGV1521-1,0,0,0,0,0,0
ERGV1522-1,0,0,0,0,0,0
ERGV2211-1,0,0,0,0,0,0
ERGV2212-1,0,0,0,0,0,0
ERGV2220-1,0,0,0,0,0,0
ERGV2230-1,0,0,0,0,0,0
ERGV2250-1,0,0,0,0,0,0
ERGV2260-1,0,0,0,0,0,0
ERGV2270-1,0,0,0,0,0,0
ERGV2280-1,0,0,0,0,0,0
ERGV2290-1,0,0,0,0,0,0
ERGV2300-1,0,0,0,0,0,0
ERGV2320-1,0,0,0,0,0,0
ERGV2330-1,0,0,0,0,0,0
ERGV2360-1,0,0,0,0,0,0
ERGV2370-1,0,0,0,0,0,0
ERGV2380-1,0,0,0,0,0,0
ERGV2410-1,0,0,0,0,0,0
ERGV3040-1,0,0,0,0,0,0
ERGV3050-1,0,0,0,0,0,0
ERGV3060-1,0,0,0,0,0,0
ERGV3070-1,0,0,0,0,0,0
ERGV3080-1,0,0,0,0,0,0
ERGV3090-1,0,0,0,0,0,0
ERGV3100-1,0,0,0,0,0,0
ERGV3211-1,0,0,0,0,0,0
ERGV3212-1,0,0,0,0,0,0
ERGV3213-1,0,0,0,0,0,0
ERGV3410-1,0,0,1,0,0,0
ERGV3420-1,0,0,0,0,0,0
GERV4100-1,0,0,0,0,0,0
GERV4160-1,0,0,0,0,0,0
GERV4300-1,0,0,0,0,0,0
GERV4360-1,0,0,0,0,0,0
GERV4400-1,0,0,0,0,0,0
GERV4600-1,0,0,0,0,0,0
GERV4650-1,0,0,0,0,0,0
GERV4700-1,0,0,0,0,0,0
GERV4750-1,0,0,0,0,0,0
ISGV1010-1,0,0,0,0,0,0
ISGV1020-1,0,0,0,0,0,0
ISGV1030-1,0,0,0,0,0,0
ISGV1050-1,0,0,0,0,0,0
ISGV1070-1,0,0,0,0,0,0
ISGV1090-1,0,0,0,0,0,0
ISGV1100-1,0,0,0,0,0,0
ISGV1110-1,0,0,0,0,0,0
ISGV1120-1,0,0,0,0,0,0
ISGV1140-1,0,0,0,0,0,0
ISGV1210-1,0,0,0,0,0,0
ISGV1220-1,0,0,0,0,0,0
ISGV1230-1,0,0,0,0,0,0
ISGV1240-1,0,0,0,0,0,0
ISGV1250-1,0,0,0,0,0,0
ISGV2010-1,0,0,0,0,0,0
ISGV2020-1,0,0,0,0,0,0
ISGV2030-1,0,0,0,0,0,0
ISGV2040-1,0,0,0,0,0,0
ISGV2050-1,0,0,0,0,0,0
ISGV2060-1,0,0,0,0,0,0
ISGV2070-1,0,0,0,0,0,0
ISGV2080-1,0,0,0,0,0,0
ISGV2090-1,0,0,0,0,0,0
ISGV2100-1,0,0,0,0,0,0
ISGV2110-1,0,0,0,0,0,0
ISGV2120-1,0,0,0,0,0,0
ISGV3410-1,0,0,0,0,0,0
ISGV3430-1,0,0,0,0,0,0
ISGV3460-1,0,0,0,0,0,0
ISGV3480-1,0,0,0,0,0,0
ISGV3500-1,0,0,0,0,0,0
ISGV3510-1,0,0,0,0,0,0
ISGV3520-1,0,0,0,0,0,0
ISGV3660-1,0,0,0,0,0,0
ISGV3680-1,0,0,0,0,0,0
ISGV3700-1,0,0,0,0,0,0
ISGV3710-1,0,0,0,0,0,0
ISGV3800-1,0,0,0,0,0,0
ISGV3810-1,0,0,0,0,0,0
ISGV4010-1,0,0,0,0,0,0
ISGV4020-1,0,0,0,0,0,0
ISGV4030-1,0,0,0,0,0,0
ISGV4040-1,0,0,0,0,0,0
ISGV4050-1,0,0,0,0,0,0
ISGV4060-1,0,0,0,0,0,0
ISGV4100-1,0,0,0,0,0,0
ISGV4101-1,0,0,0,0,0,0
ISGV4102-1,0,0,0,0,0,0
ISGV4103-1,0,0,0,0,0,0
ISGV4104-1,0,0,0,0,0,0
KINV1030-1,0,0,0,0,0,0
KINV1040-1,0,0,0,0,0,0
KINV1050-1,0,0,0,0,0,0
KINV1090-1,0,0,0,0,0,0
KINV1100-1,0,0,0,0,0,0
KINV1160-1,0,0,0,0,0,0
KINV1170-1,0,0,0,0,0,0
KINV1180-1,0,0,0,0,0,0
KINV1210-1,0,0,0,0,0,0
KINV1220-1,0,0,0,0,0,0
KINV1280-1,0,0,0,0,0,0
KINV1310-1,0,0,0,0,0,0
KINV1320-1,0,0,0,0,0,0
KINV2010-1,0,0,0,0,0,0
KINV2020-1,0,0,0,0,0,0
KINV2030-1,0,0,0,0,0,0
KINV2070-1,0,0,0,0,0,0
KINV2080-1,0,0,0,0,0,0
KINV2100-1,0,0,0,0,0,0
KINV2120-1,0,0,0,0,0,0
KINV2150-1,0,0,0,0,0,0
KINV2160-1,0,0,0,0,0,0
KINV2170-1,0,0,0,0,0,0
KINV2190-1,0,0,0,0,0,0
KINV2210-1,0,0,0,0,0,0
KINV2240-1,0,0,0,0,0,0
KINV2260-1,0,0,0,0,0,0
KINV2310-1,0,0,0,0,0,0
KINV2340-1,0,0,0,0,0,0
KINV2530-1,0,0,0,0,0,0
KINV3020-1,0,0,0,0,0,0
KINV3030-1,0,0,0,0,0,0
KINV3040-1,0,0,0,0,0,0
KINV3050-1,0,0,0,0,0,0
KINV3060-1,0,0,0,0,0,0
KINV3070-1,0,0,0,0,0,0
KINV3080-1,0,0,0,0,0,0
KINV3090-1,0,0,0,0,0,0
KINV3100-1,0,0,0,0,0,0
KINV3110-1,0,0,0,0,0,0
KINV3120-1,0,0,0,0,0,0
KINV3230-1,0,0,0,0,0,0
KINV3270-1,0,0,0,0,0,0
KINV3310-1,0,0,0,0,0,0
KINV3330-1,0,0,0,0,0,0
KINV3430-1,0,0,0,0,0,0
KINV4010-1,0,0,0,0,0,0
KINV4040-1,0,0,0,0,0,0
KINV4050-1,0,0,0,0,0,0
KINV4070-1,0,0,0,0,0,0
KINV4080-1,0,0,0,0,0,0
KINV4090-1,0,0,0,0,0,0
KINV4100-1,0,0,0,0,0,0
KINV4110-1,0,0,0,0,0,0
KINV4120-1,0,0,0,0,0,0
KINV4130-1,0,0,0,0,0,0
KINV4140-1,0,0,0,0,0,0
KINV4150-1,0,0,0,0,0,0
KINV4220-1,0,0,0,0,0,0
KINV4230-1,0,0,0,0,0,0
KINV4360-1,0,0,0,0,0,0
LOGV0100-1,0,0,0,0,0,0
LOGV0110-1,0,0,0,0,0,0
LOGV0120-1,0,0,0,0,0,0
LOGV0130-1,0,0,0,0,0,0
LOGV0131-1,0,0,0,0,0,0
LOGV0140-1,0,0,0,0,0,0
LOGV0150-1,0,0,0,0,0,0
LOGV0152-1,0,0,0,0,0,0
LOGV0153-1,0,0,0,0,0,0
LOGV0160-1,0,0,0,0,0,0
LOGV0161-1,0,0,0,0,0,0
LOGV0170-1,0,0,0,0,0,0
LOGV0220-1,0,0,0,0,0,0
LOGV0230-1,0,0,0,0,0,0
LOGV0232-1,0,0,0,0,0,0
LOGV0233-1,0,0,0,0,0,0
LOGV0240-1,0,0,0,0,0,0
LOGV0250-1,0,0,0,0,0,0
LOGV0251-1,0,0,0,0,0,0
LOGV0261-1,0,0,0,0,0,0
LOGV0262-1,0,0,0,0,0,0
LOGV0270-1,0,0,0,0,0,0
LOGV0310-1,0,0,0,0,0,0
LOGV0320-1,0,0,0,0,0,0
LOGV0340-1,0,0,0,0,0,0
LOGV0360-1,0,0,0,0,0,0
LOGV0370-1,0,0,0,0,0,0
LOGV0371-1,0,0,0,0,0,0
LOGV0380-1,0,0,0,0,0,0
ONCV4130-1,0,0,0,0,0,0
ONCV4140-1,0,0,0,0,0,0
ONCV4150-1,0,0,0,0,0,0
ONCV4160-1,0,0,0,0,0,0
ONCV4200-1,0,0,0,0,0,0
ONCV4260-1,0,0,0,0,0,0
ONCV4310-1,0,0,0,0,0,0
ONCV4350-1,0,0,0,0,0,0
ONCV4410-1,0,0,0,0,0,0
ONCV4480-1,0,0,0,0,0,0
ONCV4490-1,0,0,0,0,0,0
ONCV4500-1,0,0,0,0,0,0
PEDV4100-1,0,0,0,0,0,0
PEDV4210-1,0,0,0,0,0,0
PEDV4250-1,0,0,0,0,0,0
PEDV4340-1,0,0,0,0,1,0
PEDV4350-1,0,0,0,0,0,0
PEDV4500-1,0,0,0,0,0,0
PEDV4550-1,0,0,0,0,0,0
PMOV1410-1,0,0,0,0,0,0
PMOV1420-1,0,0,0,0,0,0
PMOV1430-1,0,0,0,0,0,0
PMOV1440-1,0,0,0,0,0,0
PMOV1450-1,0,0,0,0,0,0
PMOV1460-1,0,0,0,0,0,0
PMOV1470-1,0,0,0,0,0,0
PMOV1480-1,0,0,0,0,0,0
PMOV1490-1,0,0,0,0,0,0
PMOV1500-1,0,0,0,0,0,0
PMOV1510-1,0,0,0,0,0,0
PMOV1520-1,0,0,0,0,0,0
PMOV1530-1,0,0,0,0,0,0
PMOV1540-1,0,0,0,0,0,0
PMOV1550-1,0,0,0,0,0,0
PMOV2010-1,0,0,0,0,0,0
PMOV2020-1,0,0,0,0,0,0
PMOV2050-1,0,0,0,0,0,0
PMOV2060-1,0,0,0,0,0,0
PMOV2090-1,0,0,0,0,0,0
PMOV2110-1,0,0,0,0,0,0
PMOV2140-1,0,0,0,0,0,0
PMOV2150-1,0,0,0,0,0,0
PMOV2160-1,0,0,0,0,0,0
PMOV2170-1,0,0,0,0,0,0
PMOV2180-1,0,0,0,0,0,0
PMOV3010-1,0,0,0,0,0,0
PMOV3020-1,0,0,0,0,0,0
PMOV3030-1,0,0,0,0,0,0
PMOV3040-1,0,0,0,0,0,0
PMOV3050-1,0,0,0,0,0,0
PMOV3070-1,0,0,0,0,0,0
PMOV3110-1,0,0,0,0,0,0
PODV1010-1,0,0,0,0,0,0
PODV1020-1,0,0,0,0,0,0
PODV1030-1,0,0,0,0,0,0
PODV1040-1,0,0,0,0,0,0
PODV1050-1,0,0,0,0,0,0
PODV1060-1,0,0,0,0,0,0
PODV1070-1,0,0,0,0,0,0
PODV1110-1,0,0,0,0,0,0
PODV1120-1,0,0,0,0,0,0
PODV1140-1,0,0,0,0,0,0
PODV2010-1,0,0,0,0,0,0
PODV2020-1,0,0,0,0,0,0
PODV2030-1,0,0,0,0,0,0
PODV2041-1,0,0,0,0,0,0
PODV2050-1,0,0,0,0,0,0
PODV2060-1,0,0,0,0,0,0
PODV2070-1,0,0,0,0,0,0
PODV2080-1,0,0,0,0,0,0
PODV2090-1,0,0,0,0,0,0
PODV2101-1,0,0,0,0,0,0
PODV2110-1,0,0,0,0,0,0
PODV2120-1,0,0,0,0,0,0
PODV2140-1,0,0,0,0,0,0
PODV3010-1,0,0,0,0,0,0
PODV3020-1,0,0,0,0,0,0
PODV3060-1,0,0,0,0,0,0
PODV3090-1,0,0,0,0,0,0
PODV3110-1,0,0,0,0,0,0
PODV3120-1,0,0,0,0,0,0
PODV3130-1,0,0,0,0,0,0
PODV3140-1,0,0,0,0,0,0
PODV3150-1,0,0,0,0,0,0
PODV9010-1,0,0,0,0,0,0
PODV9020-1,0,0,0,0,0,0
PRIH1001-1,0,0,0,0,0,0
PRIH1020-1,0,0,0,0,0,0
PRIH1030-1,0,0,0,0,0,0
PRIH1050-1,0,0,0,0,0,0
PRIH1060-1,0,0,0,0,0,0
PRIH1070-1,0,0,0,0,0,0
PRIH1080-1,0,0,0,0,0,0
PRIH1090-1,0,0,0,0,0,0
PRIH1100-1,0,0,0,0,0,0
PRIH1110-1,0,0,0,0,0,0
PRIH1160-1,0,0,0,0,0,0
PRIH1170-1,0,0,0,0,0,0
PRIH1180-1,0,0,0,0,0,0
PRIH1190-1,0,0,0,0,0,0
PRIH1200-1,0,0,0,0,0,0
PRIH2010-1,0,0,0,0,0,0
PRIH2030-1,0,0,0,0,0,0
PRIH2040-1,0,0,0,0,0,0
PRIH2050-1,0,0,0,0,0,0
PRIH2060-1,0,0,0,0,0,0
PRIH2070-1,0,0,0,0,0,0
PRIH2080-1,0,0,0,0,0,0
PRIH2090-1,0,0,0,0,0,0
PRIH2100-1,0,0,0,0,0,0
PRIH2120-1,0,0,0,0,0,0
PRIH2130-1,0,0,0,0,0,0
PRIH2160-1,0,0,0,0,0,0
PRIH2170-1,0,0,0,0,0,0
PRIH2180-1,0,0,0,0,0,0
PRIH2190-1,0,0,0,0,0,0
PRIH2200-1,0,0,0,0,0,0
PRIH2210-1,0,0,0,0,0,0
PRIH3030-1,0,0,0,0,0,0
PRIH3040-1,0,0,0,0,0,0
PRIH3070-1,0,0,0,0,0,0
PRIH3080-1,0,0,0,0,0,0
PRIH3090-1,0,0,0,0,0,0
PRIH3110-1,0,0,0,0,0,0
PRIH3130-1,0,0,0,0,0,0
PRIH3140-1,0,0,0,0,0,0
PRIH3150-1,0,0,0,0,0,0
PRIH3170-1,0,0,0,0,0,0
PRIH3180-1,0,0,0,0,0,0
PRIV1001-1,0,0,0,0,0,0
PRIV1020-1,0,0,0,0,0,0
PRIV1030-1,0,0,0,0,0,0
PRIV1050-1,0,0,0,0,0,0
PRIV1060-1,0,0,0,0,0,0
PRIV1070-1,0,0,0,0,0,0
PRIV1080-1,0,0,0,0,0,0
PRIV1090-1,0,0,0,0,0,0
PRIV1100-1,0,0,0,0,0,0
PRIV1110-1,0,0,0,0,0,0
PRIV1160-1,0,0,0,0,0,0
PRIV1170-1,0,0,0,0,0,0
PRIV1180-1,0,0,0,0,0,0
PRIV1190-1,0,0,0,0,0,0
PRIV1200-1,0,0,0,0,0,0
PRIV2010-1,0,0,0,0,0,0
PRIV2030-1,0,0,0,0,0,0
PRIV2040-1,0,0,0,0,0,0
PRIV2050-1,0,0,0,0,0,0
PRIV2060-1,0,0,0,0,0,0
PRIV2070-1,0,0,0,0,0,0
PRIV2080-1,0,0,0,0,0,0
PRIV2090-1,0,0,0,0,0,0
PRIV2100-1,0,0,0,0,0,0
PRIV2120-1,0,0,0,0,0,0
PRIV2130-1,0,0,0,0,0,0
PRIV2160-1,0,0,0,0,0,0
PRIV2170-1,0,0,0,0,0,0
PRIV2180-1,0,0,0,0,0,0
PRIV2190-1,0,0,0,0,0,0
PRIV2200-1,0,0,0,0,0,0
PRIV2210-1,0,0,0,0,0,0
PRIV3030-1,0,0,0,0,0,0
PRIV3040-1,0,0,0,0,0,0
PRIV3070-1,0,0,0,0,0,0
PRIV3080-1,0,0,0,0,0,0
PRIV3090-1,0,0,0,0,0,0
PRIV3110-1,0,0,0,0,0,0
PRIV3130-1,0,0,0,0,0,0
PRIV3140-1,0,0,0,0,0,0
PRIV3150-1,0,0,0,0,0,0
PRIV3170-1,0,0,0,0,0,0
PRIV3180-1,0,0,0,0,0,0
PSCV1010-1,0,0,0,0,0,0
PSCV1020-1,0,0,0,0,0,0
PSCV1031-1,0,0,0,0,0,0
PSCV1040-1,0,0,0,0,0,0
PSCV1051-1,0,0,0,0,0,0
PSCV1060-1,0,0,0,0,0,0
PSCV1070-1,0,0,0,0,0,0
PSCV1080-1,0,0,0,0,0,0
PSCV1100-1,0,0,0,0,0,0
PSCV1110-1,0,0,0,0,0,0
PSCV1120-1,0,0,0,0,0,0
PSCV1131-1,0,0,0,0,0,0
PSCV1140-1,0,0,0,0,0,0
PSCV2010-1,0,0,0,0,0,0
PSCV2020-1,0,0,0,0,0,0
PSCV2031-1,0,0,0,0,0,0
PSCV2040-1,0,0,0,0,0,0
PSCV2052-1,0,0,0,0,0,0
PSCV2060-1,0,0,0,0,0,0
PSCV2070-1,0,0,0,0,0,0
PSCV2080-1,0,0,0,0,1,0
PSCV2090-1,0,0,0,0,0,0
PSCV3010-1,0,0,0,0,0,0
PSCV3020-1,0,0,0,0,0,0
PSCV3030-1,0,0,0,0,0,0
PSCV3040-1,0,0,0,0,0,0
PSCV3050-1,0,0,0,0,0,0
PSCV3060-1,0,0,0,0,0,0
PSCV3070-1,0,0,0,0,0,0
PSCV3080-1,0,0,0,0,0,0
PSCV3090-1,0,0,0,0,0,0
PSYV4110-1,0,0,0,0,0,0
PSYV4160-1,0,0,0,0,0,0
PSYV4200-1,0,0,0,0,0,0
PSYV4250-1,0,0,0,0,0,0
PSYV4310-1,0,0,0,0,0,0
PSYV4500-1,0,0,0,0,0,0
PSYV4550-1,0,0,0,0,0,0
PSYV4600-1,0,0,0,0,0,0
PSYV4650-1,0,0,0,0,0,0
PSYV4700-1,0,0,0,0,0,0
PSYV4800-1,0,0,0,0,0,0
PSYV4850-1,0,0,0,0,0,0
PSYV4900-1,0,0,0,0,0,0
SCOV4120-1,0,0,0,0,0,0
SCOV4220-1,0,0,0,0,0,0
SCOV4320-1,0,0,0,0,0,0
SCOV4420-1,0,0,0,0,0,0
SCOV4520-1,0,0,0,0,0,0
SECV1110-1,0,0,0,0,0,0
SECV1120-1,0,0,0,0,0,0
SECV1210-1,0,0,0,0,0,0
SECV1220-1,0,0,0,0,0,0
SECV1510-1,0,0,0,0,0,0
SECV1610-1,0,0,0,0,0,0
SECV1710-2,0,0,0,0,0,0
SECV2110-1,0,0,0,0,0,0
SECV2120-1,0,0,0,0,0,0
SECV2210-1,0,0,0,0,0,0
SECV2220-1,0,0,0,0,0,0
SECV2510-1,0,0,0,0,0,0
SECV2520-1,0,0,0,0,0,0
SECV2610-1,0,0,0,0,0,0
SECV2710-1,0,0,0,0,0,0
SECV2720-1,0,0,0,0,0,0
SECV3110-1,0,0,0,0,0,0
SECV3510-1,0,0,0,0,0,0
SECV3520-1,0,0,0,0,0,0
SECV3530-1,0,0,0,0,0,0
SECV3610-1,0,0,0,0,0,0
SECV3710-1,0,0,0,0,0,0
SFEV1111-1,0,0,0,0,0,0
SFEV1121-1,0,0,0,0,0,0
SFEV1131-1,0,0,0,0,0,0
SFEV1132-1,0,0,0,0,0,0
SFEV1141-1,0,0,0,0,0,0
SFEV1151-1,0,0,0,0,0,0
SFEV1161-1,0,0,0,0,0,0
SFEV1173-1,0,0,0,0,0,0
SFEV1174-1,0,0,0,0,0,0
SFEV1175-1,0,0,0,0,0,0
SFEV1181-1,0,0,0,0,0,0
SFEV1191-1,0,0,0,0,0,0
SFEV1193-1,0,0,0,0,0,0
SFEV1194-1,0,0,0,0,0,0
SFEV1202-1,0,0,0,0,0,0
SFEV1203-1,0,0,0,0,0,0
SFEV1211-1,0,0,0,0,0,0
SFEV1221-1,0,0,0,0,0,0
SFEV2111-1,0,0,0,0,0,0
SFEV2121-1,0,0,0,0,0,0
SFEV2131-1,0,0,0,0,0,0
SFEV2141-1,0,0,0,0,0,0
SFEV2151-1,0,0,0,0,0,0
SFEV2161-1,0,0,0,0,0,0
SFEV2171-1,0,0,0,0,0,0
SFEV2172-1,0,0,0,0,0,0
SFEV2181-1,0,0,0,0,0,0
SFEV2191-1,0,0,0,0,0,0
SFEV2201-1,0,0,0,0,0,0
SFEV2211-1,0,0,0,0,0,0
SFEV3011-1,0,0,0,0,0,0
SFEV3012-1,0,0,0,0,0,0
SFEV3013-1,0,0,0,0,0,0
SFEV3021-1,0,0,0,0,0,0
SFEV3031-1,0,0,0,0,0,0
SFEV3041-1,0,0,0,0,0,0
SFEV3051-1,0,0,0,0,0,0
SFEV3061-1,0,0,0,0,0,0
SFEV3071-1,0,0,0,0,0,0
SFEV3081-1,0,0,0,0,0,0
SFEV3091-1,0,0,0,0,0,0
SFEV3101-1,0,0,0,0,0,0
SFEV3111-1,0,0,0,0,0,0
SFEV3121-1,0,0,0,0,0,0
SFEV4211-1,0,0,0,0,0,0
SFEV4221-1,0,0,0,0,0,0
SFEV4231-1,0,0,0,0,0,0
SFEV4241-1,0,0,0,0,0,0
SFEV4251-1,0,0,0,0,0,0
SFEV4261-1,0,0,0,0,0,0
SFEV4271-1,0,0,0,0,0,0
SFEV4281-1,0,0,0,0,0,0
SFEV4291-1,0,0,0,0,0,0
SFEV4300-1,0,0,0,0,0,0
SFEV4311-1,0,0,0,0,0,0
SFEV4320-1,0,0,0,0,0,0
SFEV4330-1,0,0,0,0,0,0
SFLV1311-1,0,0,0,0,0,0
SFLV1410-1,0,0,0,0,0,0
SFLV1421-1,0,0,0,0,0,0
SFLV1422-1,0,0,0,0,0,0
SFLV1430-1,0,0,0,0,0,0
SFLV1450-1,0,0,0,0,0,0
SFLV2311-1,0,0,0,0,0,0
SFLV2321-1,0,0,0,0,0,0
SFLV2330-1,0,0,0,0,0,0
SFLV2410-1,0,0,0,0,0,0
SFLV2420-1,0,0,0,0,0,0
SFLV2430-1,0,0,0,0,0,0
SFLV2440-1,0,0,0,0,0,0
SFLV2450-1,0,0,0,0,0,0
SFLV2460-1,0,0,0,0,0,0
SFLV3310-1,0,0,0,0,0,0
SFLV3321-1,0,0,0,0,0,0
SFLV3330-1,0,0,0,0,0,0
SFLV3340-1,0,0,0,0,0,0
SFLV3410-1,0,0,0,0,0,0
SFLV3420-1,0,0,0,0,0,0
SFLV3430-1,0,0,0,0,0,0
SFLV3440-1,0,0,0,0,0,0
SFLV3540-1,0,0,0,0,0,0
SFRV1311-1,0,0,0,0,0,0
SFRV1410-1,0,0,0,0,0,0
SFRV1421-1,0,0,0,0,0,0
SFRV1422-1,0,0,0,0,0,0
SFRV1430-1,0,0,0,0,0,0
SFRV1450-1,0,0,0,0,0,0
SFRV1460-1,0,0,0,0,0,0
SFRV2310-1,0,0,0,0,0,0
SFRV2321-1,0,0,0,0,0,0
SFRV2330-1,0,0,0,0,0,0
SFRV2410-1,0,0,0,0,0,0
SFRV2420-1,0,0,0,0,0,0
SFRV2430-1,0,0,0,0,0,0
SFRV2440-1,0,0,0,0,0,0
SFRV2450-1,0,0,0,0,0,0
SFRV2460-1,0,0,0,0,0,0
SFRV3310-1,0,0,0,0,0,0
SFRV3321-1,0,0,0,0,0,0
SFRV3330-1,0,0,0,0,0,0
SFRV3340-1,0,0,0,0,0,0
SFRV3410-1,0,0,0,0,0,0
SFRV3420-1,0,0,0,0,0,0
SFRV3430-1,0,0,0,0,0,0
SFRV3450-1,0,0,0,0,0,0
SFRV3540-1,0,0,0,0,0,0
SIRV4010-1,0,0,0,0,0,0
SIRV4020-1,0,0,0,0,0,0
SIRV4030-1,0,0,0,0,0,0
SIRV4040-1,0,0,0,0,0,0
SIRV4050-1,0,0,0,0,0,0
SIRV4060-1,0,0,0,0,0,0
SIRV4070-1,0,0,0,0,0,0
SIRV4080-1,0,0,0,0,0,0
SIRV4090-1,0,0,0,0,0,0
SIRV4101-1,0,0,0,0,0,0
SIRV4110-1,0,0,0,0,0,0
SIRV4120-1,0,0,0,0,0,0
SIRV4130-1,0,0,0,0,0,0
SLGV1310-1,0,0,0,0,0,0
SLGV1320-1,0,0,0,0,0,0
SLGV1430-1,0,0,0,0,0,0
SLGV1440-1,0,0,0,0,0,0
SLGV1450-1,0,0,0,0,0,0
SLGV2310-1,0,0,0,0,0,0
SLGV2320-1,0,0,0,0,0,0
SLGV2330-1,0,0,0,0,0,0
SLGV2411-1,0,0,0,0,0,0
SLGV2412-1,0,0,0,0,0,0
SLGV2413-1,0,0,0,0,0,0
SLGV2414-1,0,0,0,0,0,0
SLGV3310-1,0,0,0,0,0,0
SLGV3321-1,0,0,0,0,0,0
SLGV3330-1,0,0,0,0,0,0
SLGV3340-1,0,0,0,0,0,0
SLGV3412-1,0,0,0,0,0,0
SLGV3413-1,0,0,0,0,0,0
SMAV1311-1,0,0,0,0,0,0
SMAV1312-1,0,0,0,0,0,0
SMAV1411-1,0,0,0,0,0,0
SMAV1412-1,0,0,0,0,0,0
SMAV1413-1,0,0,0,0,0,0
SMAV1421-1,0,0,0,0,0,0
SMAV1422-1,0,0,0,0,0,0
SMAV1430-1,0,0,0,0,0,0
SMAV2311-1,0,0,0,0,0,0
SMAV2312-1,0,0,0,0,0,0
SMAV2320-1,0,0,0,0,0,0
SMAV2330-1,0,0,0,0,0,0
SMAV2340-1,0,0,0,0,0,0
SMAV2410-1,0,0,0,0,0,0
SMAV2421-1,0,0,0,0,0,0
SMAV2422-1,0,0,0,0,0,0
SMAV2430-1,0,0,0,0,0,0
SMAV3310-1,0,0,0,0,0,0
SMAV3321-1,0,0,0,0,0,0
SMAV3331-1,0,0,0,0,0,0
SMAV3411-1,0,0,0,0,0,0
SMAV3412-1,0,0,0,0,0,0
SMAV3413-1,0,0,0,0,0,0
SMAV3540-1,0,0,0,0,0,0
SMAV3710-1,0,0,0,0,0,0
SPOV4100-1,0,1,0,0,0,0
SPOV4170-1,0,0,0,0,0,0
SPOV4200-1,0,0,0,0,0,0
SPOV4250-1,0,0,0,0,0,0
SPOV4300-1,0,0,0,0,0,0
SPOV4350-1,0,0,0,0,0,0
SPOV4400-1,0,0,0,0,0,0
SPOV4450-1,0,0,0,0,0,0
SPOV4500-1,0,0,0,0,0,0
SPOV4550-1,0,0,0,0,0,0
SPOV4620-1,0,0,0,0,0,0
SPOV4660-1,0,0,0,0,0,0
SSCV1310-1,0,0,0,0,0,0
SSCV1410-1,0,0,0,0,0,0
SSCV1420-1,0,0,0,0,0,0
SSCV1431-1,0,0,0,0,0,0
SSCV1432-1,0,0,0,0,0,0
SSCV1440-2,0,0,0,0,0,0
SSCV2310-1,0,0,0,0,0,0
SSCV2320-1,0,0,0,0,0,0
SSCV2330-1,0,0,0,0,0,0
SSCV2410-1,0,0,0,0,0,0
SSCV2420-1,0,0,1,0,0,1
SSCV2430-1,0,0,0,0,0,0
SSCV2440-1,0,0,0,0,1,1
SSCV2450-1,0,0,0,0,0,0
SSCV2460-1,0,0,0,0,0,0
SSCV3310-1,0,0,0,0,0,0
SSCV3321-1,0,0,0,0,0,0
SSCV3330-1,0,0,0,0,0,0
SSCV3410-2,0,0,0,0,0,0
SSCV3420-1,0,0,0,0,0,0
SSCV3430-1,0,0,0,0,0,0
SSCV3440-1,0,0,0,0,0,0
SSCV3450-1,0,0,0,0,0,0
SSCV3540-1,0,0,0,0,0,0
SSHV1320-1,0,0,0,0,0,0
SSHV1330-1,0,0,0,0,0,0
SSHV1420-1,0,0,0,0,0,0
SSHV1430-1,0,0,0,0,0,0
SSHV1440-1,0,0,0,0,0,0
SSHV1450-1,0,0,0,0,0,0
SSHV1460-1,0,0,0,0,0,0
SSHV2410-1,0,0,0,0,0,0
SSHV2411-1,0,0,0,0,0,0
SSHV2413-1,0,0,0,0,0,0
SSHV2412-1,0,0,0,0,0,0
SSHV1470-1,0,0,0,0,0,0
SSHV2340-1,0,0,0,0,0,0
SSHV2311-1,0,0,0,0,0,0
SSHV2312-1,0,0,0,0,0,0
SSHV3311-1,0,0,0,0,0,0
SSHV3321-1,0,0,0,0,0,0
SSHV3340-1,0,0,0,0,0,0
SSHV3411-1,0,0,0,0,0,0
SSHV3412-1,0,0,0,0,0,0
TRAV3010-1,0,0,0,0,0,0
